﻿[
  {
    "outputFileName": "wwwroot/production/js/generic/main.min.js",
    "inputFiles": [
      "wwwroot/development/js/generic/main.js"
    ],
    "minify": {
      "enabled": true,
      "renameLocals": false
    },
    "sourceMap": false
  },
  {
    "outputFileName": "wwwroot/production/js/dashboard/dashboard.min.js",
    "inputFiles": [
      "wwwroot/development/js/dashboard/dashboard.js"
    ],
    "minify": {
      "enabled": true,
      "renameLocals": false
    },
    "sourceMap": false
  },
  {
    "outputFileName": "wwwroot/production/js/dashboard/chat.min.js",
    "inputFiles": [
      "wwwroot/development/js/dashboard/chat.js"
    ],
    "minify": {
      "enabled": true,
      "renameLocals": false
    },
    "sourceMap": false
  },
  {
    "outputFileName": "wwwroot/production/js/dashboard/chatbot.min.js",
    "inputFiles": [
      "wwwroot/development/js/dashboard/chatbot.js"
    ],
    "minify": {
      "enabled": true,
      "renameLocals": false
    },
    "sourceMap": false
  },
  {
    "outputFileName": "wwwroot/production/js/dashboard/chat-callback.min.js",
    "inputFiles": [
      "wwwroot/development/js/dashboard/chat-callback.js"
    ],
    "minify": {
      "enabled": true,
      "renameLocals": false
    },
    "sourceMap": false
  },
  {
    "outputFileName": "wwwroot/production/js/dashboard/chat-realtime.min.js",
    "inputFiles": [
      "wwwroot/development/js/dashboard/chat-realtime.js"
    ],
    "minify": {
      "enabled": true,
      "renameLocals": false
    },
    "sourceMap": false
  },
  {
    "outputFileName": "wwwroot/production/js/dashboard/async-realtime.min.js",
    "inputFiles": [
      "wwwroot/development/js/dashboard/async-realtime.js"
    ],
    "minify": {
      "enabled": true,
      "renameLocals": false
    },
    "sourceMap": false
  },
  {
    "outputFileName": "wwwroot/production/js/dashboard/email.min.js",
    "inputFiles": [
      "wwwroot/development/js/dashboard/email.js"
    ],
    "minify": {
      "enabled": true,
      "renameLocals": false
    },
    "sourceMap": false
  },
  {
    "outputFileName": "wwwroot/production/js/dashboard/email-realtime.min.js",
    "inputFiles": [
      "wwwroot/development/js/dashboard/email-realtime.js"
    ],
    "minify": {
      "enabled": true,
      "renameLocals": false
    },
    "sourceMap": false
  },
  {
    "outputFileName": "wwwroot/production/js/dashboard/chat-selfservice.min.js",
    "inputFiles": [
      "wwwroot/development/js/dashboard/chat-selfservice.js"
    ],
    "minify": {
      "enabled": true,
      "renameLocals": false
    },
    "sourceMap": false
  },
  {
    "outputFileName": "wwwroot/production/js/dashboard/fax.min.js",
    "inputFiles": [
      "wwwroot/development/js/dashboard/fax.js"
    ],
    "minify": {
      "enabled": true,
      "renameLocals": false
    },
    "sourceMap": false
  },
  {
    "outputFileName": "wwwroot/production/js/dashboard/generic.min.js",
    "inputFiles": [
      "wwwroot/development/js/dashboard/generic.js"
    ],
    "minify": {
      "enabled": true,
      "renameLocals": false
    },
    "sourceMap": false
  },
  {
    "outputFileName": "wwwroot/production/js/dashboard/sms.min.js",
    "inputFiles": [
      "wwwroot/development/js/dashboard/sms.js"
    ],
    "minify": {
      "enabled": true,
      "renameLocals": false
    },
    "sourceMap": false
  },
  {
    "outputFileName": "wwwroot/production/js/dashboard/voice-callback.min.js",
    "inputFiles": [
      "wwwroot/development/js/dashboard/voice-callback.js"
    ],
    "minify": {
      "enabled": true,
      "renameLocals": false
    },
    "sourceMap": false
  },
  {
    "outputFileName": "wwwroot/production/js/dashboard/voice.min.js",
    "inputFiles": [
      "wwwroot/development/js/dashboard/voice.js"
    ],
    "minify": {
      "enabled": true,
      "renameLocals": false
    },
    "sourceMap": false
  },
  {
    "outputFileName": "wwwroot/production/js/dashboard/voice-realtime.min.js",
    "inputFiles": [
      "wwwroot/development/js/dashboard/voice-realtime.js"
    ],
    "minify": {
      "enabled": true,
      "renameLocals": false
    },
    "sourceMap": false
  },
  {
    "outputFileName": "wwwroot/production/js/dashboard/global-dashboard-variables.min.js",
    "inputFiles": [
      "wwwroot/development/js/dashboard/global-dashboard-variables.js"
    ],
    "minify": {
      "enabled": true,
      "renameLocals": false
    },
    "sourceMap": false
  },
  {
    "outputFileName": "wwwroot/production/css/ocm-dashboard.css",
    "inputFiles": [
      "wwwroot/development/css/ocm-dashboard.css"
    ],
    "minify": {
      "enabled": false,
      "renameLocals": false
    },
    "sourceMap": false
  },
  {
    "outputFileName": "wwwroot/production/css/style.min.css",
    "inputFiles": [
      "wwwroot/development/css/style.css"
    ],
    "minify": {
      "enabled": true,
      "renameLocals": false
    },
    "sourceMap": false
  },
  {
    "outputFileName": "wwwroot/production/css/app-custom.min.css",
    "inputFiles": [
      "wwwroot/development/css/app-custom.css"
    ],
    "minify": {
      "enabled": true,
      "renameLocals": false
    },
    "sourceMap": false
  },
  {
    "outputFileName": "wwwroot/production/js/generic/top-navbar.min.js",
    "inputFiles": [
      "wwwroot/development/js/generic/top-navbar.js"
    ],
    "minify": {
      "enabled": true,
      "renameLocals": false
    },
    "sourceMap": false
  },
  {
    "outputFileName": "wwwroot/production/js/generic/ocm-sidebar.min.js",
    "inputFiles": [
      "wwwroot/development/js/generic/ocm-sidebar.js"
    ],
    "minify": {
      "enabled": true,
      "renameLocals": false
    },
    "sourceMap": false
  },
  {
    "outputFileName": "wwwroot/production/js/generic/ocm-reports-sidebar.min.js",
    "inputFiles": [
      "wwwroot/development/js/generic/ocm-reports-sidebar.js"
    ],
    "minify": {
      "enabled": true,
      "renameLocals": false
    },
    "sourceMap": false
  },
  {
    "outputFileName": "wwwroot/production/js/generic/versioning.min.js",
    "inputFiles": [
      "wwwroot/development/js/generic/versioning.js"
    ],
    "minify": {
      "enabled": true,
      "renameLocals": false
    },
    "sourceMap": false
  },
  {
    "outputFileName": "wwwroot/production/js/generic/dynamic-search-main.min.js",
    "inputFiles": [
      "wwwroot/development/js/generic/dynamic-search-main.js"
    ],
    "minify": {
      "enabled": true,
      "renameLocals": false
    },
    "sourceMap": false
  },
  {
    "outputFileName": "wwwroot/production/js/generic/dynamic-search-api.min.js",
    "inputFiles": [
      "wwwroot/development/js/generic/dynamic-search-api.js"
    ],
    "minify": {
      "enabled": true,
      "renameLocals": false
    },
    "sourceMap": false
  },
  {
    "outputFileName": "wwwroot/production/js/generic/ocm-maker-checker.min.js",
    "inputFiles": [
      "wwwroot/development/js/generic/ocm-maker-checker.js"
    ],
    "minify": {
      "enabled": true,
      "renameLocals": false
    },
    "sourceMap": false
  },
  {
    "outputFileName": "wwwroot/production/js/generic/validation.min.js",
    "inputFiles": [
      "wwwroot/development/js/generic/validation.js"
    ],
    "minify": {
      "enabled": true,
      "renameLocals": false
    },
    "sourceMap": false
  },
  {
    "outputFileName": "wwwroot/production/js/generic/full-screen.min.js",
    "inputFiles": [
      "wwwroot/development/js/generic/full-screen.js"
    ],
    "minify": {
      "enabled": true,
      "renameLocals": false
    },
    "sourceMap": false
  },
  {
    "outputFileName": "wwwroot/production/js/generic/report-validations.min.js",
    "inputFiles": [
      "wwwroot/development/js/generic/report-validations.js"
    ],
    "minify": {
      "enabled": true,
      "renameLocals": false
    },
    "sourceMap": false
  },
  {
    "outputFileName": "wwwroot/production/js/generic/polyfill-functions.min.js",
    "inputFiles": [
      "wwwroot/development/js/generic/polyfill-functions.js"
    ],
    "minify": {
      "enabled": true,
      "renameLocals": false
    },
    "sourceMap": false
  },
  {
    "outputFileName": "wwwroot/production/js/generic/ondynamicchange.min.js",
    "inputFiles": [
      "wwwroot/development/js/generic/ondynamicchange.js"
    ],
    "minify": {
      "enabled": true,
      "renameLocals": false
    },
    "sourceMap": false
  },
  {
    "outputFileName": "wwwroot/production/js/generic/global-var.min.js",
    "inputFiles": [
      "wwwroot/development/js/generic/global-var.js"
    ],
    "minify": {
      "enabled": true,
      "renameLocals": false
    },
    "sourceMap": false
  },
  {
    "outputFileName": "wwwroot/production/js/generic/ocm-admin.min.js",
    "inputFiles": [
      "wwwroot/development/js/generic/ocm-admin.js"
    ],
    "minify": {
      "enabled": true,
      "renameLocals": false
    },
    "sourceMap": false
  },
  {
    "outputFileName": "wwwroot/production/css/admin-modules/dynamic-report-designer.min.css",
    "inputFiles": [
      "wwwroot/development/css/admin-modules/dynamic-report-designer.css"
    ],
    "minify": {
      "enabled": true,
      "renameLocals": false
    },
    "sourceMap": false
  },
  {
    "outputFileName": "wwwroot/production/css/reports/ivr-calltrace-report.min.css",
    "inputFiles": [
      "wwwroot/development/css/reports/ivr-calltrace-report.css"
    ],
    "minify": {
      "enabled": true,
      "renameLocals": false
    },
    "sourceMap": false
  },
  {
    "outputFileName": "wwwroot/production/css/reports/mx-interaction-report.min.css",
    "inputFiles": [
      "wwwroot/development/css/reports/mx-interaction-report.css"
    ],
    "minify": {
      "enabled": true,
      "renameLocals": false
    },
    "sourceMap": false
  },
  {
    "outputFileName": "wwwroot/production/css/reports/report-styles.min.css",
    "inputFiles": [
      "wwwroot/development/css/reports/report-styles.css"
    ],
    "minify": {
      "enabled": true,
      "renameLocals": false
    },
    "sourceMap": false
  },
  {
    "outputFileName": "wwwroot/production/js/admin-modules/email-account-configuration.min.js",
    "inputFiles": [
      "wwwroot/development/js/admin-modules/email-account-configuration.js"
    ],
    "minify": {
      "enabled": true,
      "renameLocals": false
    },
    "sourceMap": false
  },
  {
    "outputFileName": "wwwroot/production/js/admin-modules/admin-application-access.min.js",
    "inputFiles": [
      "wwwroot/development/js/admin-modules/admin-application-access.js"
    ],
    "minify": {
      "enabled": true,
      "renameLocals": false
    },
    "sourceMap": false
  },
  {
    "outputFileName": "wwwroot/production/js/admin-modules/email-templates.min.js",
    "inputFiles": [
      "wwwroot/development/js/admin-modules/email-templates.js"
    ],
    "minify": {
      "enabled": true,
      "renameLocals": false
    },
    "sourceMap": false
  },
  {
    "outputFileName": "wwwroot/production/js/admin-modules/ekyc-audit.min.js",
    "inputFiles": [
      "wwwroot/development/js/admin-modules/ekyc-audit.js"
    ],
    "minify": {
      "enabled": true,
      "renameLocals": false
    },
    "sourceMap": false
  },
  {
    "outputFileName": "wwwroot/production/js/admin-modules/gamification-control.min.js",
    "inputFiles": [
      "wwwroot/development/js/admin-modules/gamification-control.js"
    ],
    "minify": {
      "enabled": true,
      "renameLocals": false
    },
    "sourceMap": false
  },
  {
    "outputFileName": "wwwroot/production/js/admin-modules/email-template.min.js",
    "inputFiles": [
      "wwwroot/development/js/admin-modules/email-template.js"
    ],
    "minify": {
      "enabled": true,
      "renameLocals": false
    },
    "sourceMap": false
  },
  {
    "outputFileName": "wwwroot/production/js/admin-modules/agent-auxcodes.min.js",
    "inputFiles": [
      "wwwroot/development/js/admin-modules/agent-auxcodes.js"
    ],
    "minify": {
      "enabled": true,
      "renameLocals": false
    },
    "sourceMap": false
  },
  {
    "outputFileName": "wwwroot/production/js/admin-modules/adhoc-option-enhancement.min.js",
    "inputFiles": [
      "wwwroot/development/js/admin-modules/adhoc-option-enhancement.js"
    ],
    "minify": {
      "enabled": true,
      "renameLocals": false
    },
    "sourceMap": false
  },
  {
    "outputFileName": "wwwroot/production/js/admin-modules/agent-skill-assignment.min.js",
    "inputFiles": [
      "wwwroot/development/js/admin-modules/agent-skill-assignment.js"
    ],
    "minify": {
      "enabled": true,
      "renameLocals": false
    },
    "sourceMap": false
  },
  {
    "outputFileName": "wwwroot/production/js/admin-modules/chat-templates.min.js",
    "inputFiles": [
      "wwwroot/development/js/admin-modules/chat-templates.js"
    ],
    "minify": {
      "enabled": true,
      "renameLocals": false
    },
    "sourceMap": false
  },
  {
    "outputFileName": "wwwroot/production/js/admin-modules/chat-intent-skillmapping.min.js",
    "inputFiles": [
      "wwwroot/development/js/admin-modules/chat-intent-skillmapping.js"
    ],
    "minify": {
      "enabled": true,
      "renameLocals": false
    },
    "sourceMap": false
  },
  {
    "outputFileName": "wwwroot/production/js/admin-modules/vb-enrollment-flag.min.js",
    "inputFiles": [
      "wwwroot/development/js/admin-modules/vb-enrollment-flag.js"
    ],
    "minify": {
      "enabled": true,
      "renameLocals": false
    },
    "sourceMap": false
  },
  {
    "outputFileName": "wwwroot/production/js/admin-modules/ivr-operatinghours.min.js",
    "inputFiles": [
      "wwwroot/development/js/admin-modules/ivr-operatinghours.js"
    ],
    "minify": {
      "enabled": true,
      "renameLocals": false
    },
    "sourceMap": false
  },
  {
    "outputFileName": "wwwroot/production/js/admin-modules/ivr-holidaylist.min.js",
    "inputFiles": [
      "wwwroot/development/js/admin-modules/ivr-holidaylist.js"
    ],
    "minify": {
      "enabled": true,
      "renameLocals": false
    },
    "sourceMap": false
  },
  {
    "outputFileName": "wwwroot/production/js/admin-modules/opaque-data.min.js",
    "inputFiles": [
      "wwwroot/development/js/admin-modules/opaquedata.js"
    ],
    "minify": {
      "enabled": true,
      "renameLocals": false
    },
    "sourceMap": false
  },
  {
    "outputFileName": "wwwroot/production/js/admin-modules/ocm-configuration.min.js",
    "inputFiles": [
      "wwwroot/development/js/admin-modules/ocm-configuration.js"
    ],
    "minify": {
      "enabled": true,
      "renameLocals": false
    },
    "sourceMap": false
  },
  {
    "outputFileName": "wwwroot/production/js/admin-modules/ivr-intentmapping.min.js",
    "inputFiles": [
      "wwwroot/development/js/admin-modules/ivr-intentmapping.js"
    ],
    "minify": {
      "enabled": true,
      "renameLocals": false
    },
    "sourceMap": false
  },
  {
    "outputFileName": "wwwroot/production/js/admin-modules/role-management.min.js",
    "inputFiles": [
      "wwwroot/development/js/admin-modules/role-management.js"
    ],
    "minify": {
      "enabled": true,
      "renameLocals": false
    },
    "sourceMap": false
  },
  {
    "outputFileName": "wwwroot/production/js/admin-modules/iw-role-based-accessmatrix.min.js",
    "inputFiles": [
      "wwwroot/development/js/admin-modules/iw-role-based-accessmatrix.js"
    ],
    "minify": {
      "enabled": true,
      "renameLocals": false
    },
    "sourceMap": false
  },
  {
    "outputFileName": "wwwroot/production/js/admin-modules/iw-master-accessmatrix.min.js",
    "inputFiles": [
      "wwwroot/development/js/admin-modules/iw-master-accessmatrix.js"
    ],
    "minify": {
      "enabled": true,
      "renameLocals": false
    },
    "sourceMap": false
  },
  {
    "outputFileName": "wwwroot/production/js/admin-modules/user-role-mapping.min.js",
    "inputFiles": [
      "wwwroot/development/js/admin-modules/user-role-mapping.js"
    ],
    "minify": {
      "enabled": true,
      "renameLocals": false
    },
    "sourceMap": false
  },
  {
    "outputFileName": "wwwroot/production/js/admin-modules/user-management.min.js",
    "inputFiles": [
      "wwwroot/development/js/admin-modules/user-management.js"
    ],
    "minify": {
      "enabled": true,
      "renameLocals": false
    },
    "sourceMap": false
  },
  {
    "outputFileName": "wwwroot/production/js/admin-modules/query-browser.min.js",
    "inputFiles": [
      "wwwroot/development/js/admin-modules/query-browser.js"
    ],
    "minify": {
      "enabled": true,
      "renameLocals": false
    },
    "sourceMap": false
  },
  {
    "outputFileName": "wwwroot/production/js/admin-modules/agent-setting.min.js",
    "inputFiles": [
      "wwwroot/development/js/admin-modules/agent-setting.js"
    ],
    "minify": {
      "enabled": true,
      "renameLocals": false
    },
    "sourceMap": false
  },
  {
    "outputFileName": "wwwroot/production/js/admin-modules/export-scheduler.min.js",
    "inputFiles": [
      "wwwroot/development/js/admin-modules/export-scheduler.js"
    ],
    "minify": {
      "enabled": true,
      "renameLocals": false
    },
    "sourceMap": false
  },
  {
    "outputFileName": "wwwroot/production/js/admin-modules/ivr-menu-description.min.js",
    "inputFiles": [
      "wwwroot/development/js/admin-modules/ivr-menu-description.js"
    ],
    "minify": {
      "enabled": true,
      "renameLocals": false
    },
    "sourceMap": false
  },
  {
    "outputFileName": "wwwroot/production/js/admin-modules/ivr-config.min.js",
    "inputFiles": [
      "wwwroot/development/js/admin-modules/ivr-config.js"
    ],
    "minify": {
      "enabled": true,
      "renameLocals": false
    },
    "sourceMap": false
  },
  {
    "outputFileName": "wwwroot/production/js/admin-modules/workcode-list.min.js",
    "inputFiles": [
      "wwwroot/development/js/admin-modules/workcode-list.js"
    ],
    "minify": {
      "enabled": true,
      "renameLocals": false
    },
    "sourceMap": false
  },
  {
    "outputFileName": "wwwroot/production/js/admin-modules/team-management.min.js",
    "inputFiles": [
      "wwwroot/development/js/admin-modules/team-management.js"
    ],
    "minify": {
      "enabled": true,
      "renameLocals": false
    },
    "sourceMap": false
  },
  {
    "outputFileName": "wwwroot/production/js/admin-modules/agent-telephonydirectory.min.js",
    "inputFiles": [
      "wwwroot/development/js/admin-modules/agent-telephonydirectory.js"
    ],
    "minify": {
      "enabled": true,
      "renameLocals": false
    },
    "sourceMap": false
  },
  {
    "outputFileName": "wwwroot/production/js/admin-modules/log-filedata.min.js",
    "inputFiles": [
      "wwwroot/development/js/admin-modules/log-filedata.js"
    ],
    "minify": {
      "enabled": true,
      "renameLocals": false
    },
    "sourceMap": false
  },
  {
    "outputFileName": "wwwroot/production/js/admin-modules/cm-datalink.min.js",
    "inputFiles": [
      "wwwroot/development/js/admin-modules/cm-datalink.js"
    ],
    "minify": {
      "enabled": true,
      "renameLocals": false
    },
    "sourceMap": false
  },
  {
    "outputFileName": "wwwroot/production/js/admin-modules/tmac-transferlist.min.js",
    "inputFiles": [
      "wwwroot/development/js/admin-modules/tmac-transferlist.js"
    ],
    "minify": {
      "enabled": true,
      "renameLocals": false
    },
    "sourceMap": false
  },
  {
    "outputFileName": "wwwroot/production/js/admin-modules/agent-broadcast.min.js",
    "inputFiles": [
      "wwwroot/development/js/admin-modules/agent-broadcast.js"
    ],
    "minify": {
      "enabled": true,
      "renameLocals": false
    },
    "sourceMap": false
  },
  {
    "outputFileName": "wwwroot/production/js/admin-modules/dynamic-report-designer.min.js",
    "inputFiles": [
      "wwwroot/development/js/admin-modules/dynamic-report-designer.js"
    ],
    "minify": {
      "enabled": true,
      "renameLocals": false
    },
    "sourceMap": false
  },
  {
    "outputFileName": "wwwroot/production/js/admin-modules/cso-survey-qa.min.js",
    "inputFiles": [
      "wwwroot/development/js/admin-modules/cso-survey-qa.js"
    ],
    "minify": {
      "enabled": true,
      "renameLocals": false
    },
    "sourceMap": false
  },
  {
    "outputFileName": "wwwroot/production/js/admin-modules/vdn-surveyinfo.min.js",
    "inputFiles": [
      "wwwroot/development/js/admin-modules/vdn-surveyinfo.js"
    ],
    "minify": {
      "enabled": true,
      "renameLocals": false
    },
    "sourceMap": false
  },
  {
    "outputFileName": "wwwroot/production/js/reports/mx-interaction-report.min.js",
    "inputFiles": [
      "wwwroot/development/js/Reports/mx-interaction-report.js"
    ],
    "minify": {
      "enabled": true,
      "renameLocals": false
    },
    "sourceMap": false
  },
  {
    "outputFileName": "wwwroot/production/js/admin-modules/ocm-report.min.js",
    "inputFiles": [
      "wwwroot/development/js/reports/ocm-report.js"
    ],
    "minify": {
      "enabled": true,
      "renameLocals": false
    },
    "sourceMap": false
  },
  {
    "outputFileName": "wwwroot/production/js/admin-modules/sms-response-template.min.js",
    "inputFiles": [
      "wwwroot/development/js/admin-modules/sms-response-template.js"
    ],
    "minify": {
      "enabled": true,
      "renameLocals": false
    },
    "sourceMap": false
  },
  {
    "outputFileName": "wwwroot/production/js/admin-modules/fax-scheduler.min.js",
    "inputFiles": [
      "wwwroot/development/js/admin-modules/fax-scheduler.js"
    ],
    "minify": {
      "enabled": true,
      "renameLocals": false
    },
    "sourceMap": false
  },
  {
    "outputFileName": "wwwroot/production/js/admin-modules/fax-autoack.min.js",
    "inputFiles": [
      "wwwroot/development/js/admin-modules/fax-autoack.js"
    ],
    "minify": {
      "enabled": true,
      "renameLocals": false
    },
    "sourceMap": false
  },
  {
    "outputFileName": "wwwroot/production/js/admin-modules/fax-dnis.min.js",
    "inputFiles": [
      "wwwroot/development/js/admin-modules/fax-dnis.js"
    ],
    "minify": {
      "enabled": true,
      "renameLocals": false
    },
    "sourceMap": false
  },
  {
    "outputFileName": "wwwroot/production/js/admin-modules/fax-senders.min.js",
    "inputFiles": [
      "wwwroot/development/js/admin-modules/fax-senders.js"
    ],
    "minify": {
      "enabled": true,
      "renameLocals": false
    },
    "sourceMap": false
  },
  {
    "outputFileName": "wwwroot/production/js/admin-modules/fax-template.min.js",
    "inputFiles": [
      "wwwroot/development/js/admin-modules/fax-template.js"
    ],
    "minify": {
      "enabled": true,
      "renameLocals": false
    },
    "sourceMap": false
  },
  {
    "outputFileName": "wwwroot/production/js/admin-modules/ivr-callbackmanagement.min.js",
    "inputFiles": [
      "wwwroot/development/js/admin-modules/ivr-callbackmanagement.js"
    ],
    "minify": {
      "enabled": true,
      "renameLocals": false
    },
    "sourceMap": false
  },
  {
    "outputFileName": "wwwroot/production/js/admin-modules/vip-listmanagement.min.js",
    "inputFiles": [
      "wwwroot/development/js/admin-modules/vip-listmanagement.js"
    ],
    "minify": {
      "enabled": true,
      "renameLocals": false
    },
    "sourceMap": false
  },
  {
    "outputFileName": "wwwroot/production/js/admin-modules/ivr-callback-announcement.min.js",
    "inputFiles": [
      "wwwroot/development/js/admin-modules/ivr-callback-announcement.js"
    ],
    "minify": {
      "enabled": true,
      "renameLocals": false
    },
    "sourceMap": false
  },
  {
    "outputFileName": "wwwroot/production/js/admin-modules/ivr-introductory-message-announcement.min.js",
    "inputFiles": [
      "wwwroot/development/js/admin-modules/ivr-introductory-message-announcement.js"
    ],
    "minify": {
      "enabled": true,
      "renameLocals": false
    },
    "sourceMap": false
  },
  {
    "outputFileName": "wwwroot/production/js/admin-modules/ivr-hostmap.min.js",
    "inputFiles": [
      "wwwroot/development/js/admin-modules/ivr-hostmap.js"
    ],
    "minify": {
      "enabled": true,
      "renameLocals": false
    },
    "sourceMap": false
  },
  {
    "outputFileName": "wwwroot/production/js/admin-modules/ivr-branch-management.min.js",
    "inputFiles": [
      "wwwroot/development/js/admin-modules/ivr-branch-management.js"
    ],
    "minify": {
      "enabled": true,
      "renameLocals": false
    },
    "sourceMap": false
  },
  {
    "outputFileName": "wwwroot/production/js/admin-modules/socialmedia-user-profilemapping.min.js",
    "inputFiles": [
      "wwwroot/development/js/admin-modules/socialmedia-user-profilemapping.js"
    ],
    "minify": {
      "enabled": true,
      "renameLocals": false
    },
    "sourceMap": false
  },
  {
    "outputFileName": "wwwroot/production/js/admin-modules/skill-configuration.min.js",
    "inputFiles": [
      "wwwroot/development/js/admin-modules/skill-configuration.js"
    ],
    "minify": {
      "enabled": true,
      "renameLocals": false
    },
    "sourceMap": false
  },
  {
    "outputFileName": "wwwroot/production/js/admin-modules/chat-menu-description.min.js",
    "inputFiles": [
      "wwwroot/development/js/admin-modules/chat-menu-description.js"
    ],
    "minify": {
      "enabled": true,
      "renameLocals": false
    },
    "sourceMap": false
  },
  {
    "outputFileName": "wwwroot/production/js/admin-modules/report-scheduler.min.js",
    "inputFiles": [
      "wwwroot/development/js/admin-modules/report-scheduler.js"
    ],
    "minify": {
      "enabled": true,
      "renameLocals": false
    },
    "sourceMap": false
  },
  {
    "outputFileName": "wwwroot/production/js/admin-modules/desk-manager.min.js",
    "inputFiles": [
      "wwwroot/development/js/admin-modules/desk-manager.js"
    ],
    "minify": {
      "enabled": true,
      "renameLocals": false
    },
    "sourceMap": false
  },
  {
    "outputFileName": "wwwroot/production/js/admin-modules/socialmedia-application.min.js",
    "inputFiles": [
      "wwwroot/development/js/admin-modules/socialmedia-application.js"
    ],
    "minify": {
      "enabled": true,
      "renameLocals": false
    },
    "sourceMap": false
  },
  {
    "outputFileName": "wwwroot/production/js/admin-modules/socialmedia-account.min.js",
    "inputFiles": [
      "wwwroot/development/js/admin-modules/socialmedia-account.js"
    ],
    "minify": {
      "enabled": true,
      "renameLocals": false
    },
    "sourceMap": false
  },
  {
    "outputFileName": "wwwroot/production/js/admin-modules/fax-addressbook.min.js",
    "inputFiles": [
      "wwwroot/development/js/admin-modules/fax-addressbook.js"
    ],
    "minify": {
      "enabled": true,
      "renameLocals": false
    },
    "sourceMap": false
  },
  {
    "outputFileName": "wwwroot/production/js/admin-modules/dashboard-colorcode-config.min.js",
    "inputFiles": [
      "wwwroot/development/js/admin-modules/dashboard-colorcode-config.js"
    ],
    "minify": {
      "enabled": true,
      "renameLocals": false
    },
    "sourceMap": false
  },
  {
    "outputFileName": "wwwroot/production/js/admin-modules/remote-security-rules.min.js",
    "inputFiles": [
      "wwwroot/development/js/admin-modules/remote-security-rules.js"
    ],
    "minify": {
      "enabled": true,
      "renameLocals": false
    },
    "sourceMap": false
  },
  {
    "outputFileName": "wwwroot/production/js/admin-modules/waittime-color-config.min.js",
    "inputFiles": [
      "wwwroot/development/js/admin-modules/waittime-color-config.js"
    ],
    "minify": {
      "enabled": true,
      "renameLocals": false
    },
    "sourceMap": false
  },
  {
    "outputFileName": "wwwroot/production/js/admin-modules/slot-scheduler.min.js",
    "inputFiles": [
      "wwwroot/development/js/admin-modules/slot-scheduler.js"
    ],
    "minify": {
      "enabled": true,
      "renameLocals": false
    },
    "sourceMap": false
  },
  {
    "outputFileName": "wwwroot/production/js/admin-modules/user-enrollment.min.js",
    "inputFiles": [
      "wwwroot/development/js/admin-modules/user-enrollment.js"
    ],
    "minify": {
      "enabled": true,
      "renameLocals": false
    },
    "sourceMap": false
  },
  {
    "outputFileName": "wwwroot/production/js/admin-modules/user-onboarding.min.js",
    "inputFiles": [
      "wwwroot/development/js/admin-modules/user-onboarding.js"
    ],
    "minify": {
      "enabled": true,
      "renameLocals": false
    },
    "sourceMap": false
  },
  {
    "outputFileName": "wwwroot/production/js/admin-modules/attributes.min.js",
    "inputFiles": [
      "wwwroot/development/js/admin-modules/attributes.js"
    ],
    "minify": {
      "enabled": true,
      "renameLocals": false
    },
    "sourceMap": false
  },
  {
    "outputFileName": "wwwroot/production/js/admin-modules/attribute-assignment.min.js",
    "inputFiles": [
      "wwwroot/development/js/admin-modules/attribute-assignment.js"
    ],
    "minify": {
      "enabled": true,
      "renameLocals": false
    },
    "sourceMap": false
  },
  {
    "outputFileName": "wwwroot/production/js/admin-modules/skill-template.min.js",
    "inputFiles": [
      "wwwroot/development/js/admin-modules/skill-template.js"
    ],
    "minify": {
      "enabled": true,
      "renameLocals": false
    },
    "sourceMap": false
  },
  {
    "outputFileName": "wwwroot/production/js/admin-modules/attribute-template.min.js",
    "inputFiles": [
      "wwwroot/development/js/admin-modules/attribute-template.js"
    ],
    "minify": {
      "enabled": true,
      "renameLocals": false
    },
    "sourceMap": false
  },
  {
    "outputFileName": "wwwroot/production/js/admin-modules/agent-template.min.js",
    "inputFiles": [
      "wwwroot/development/js/admin-modules/agent-template.js"
    ],
    "minify": {
      "enabled": true,
      "renameLocals": false
    },
    "sourceMap": false
  },
  {
    "outputFileName": "wwwroot/production/js/admin-modules/agent-skill-scheduler.min.js",
    "inputFiles": [
      "wwwroot/development/js/admin-modules/agent-skill-scheduler.js"
    ],
    "minify": {
      "enabled": true,
      "renameLocals": false
    },
    "sourceMap": false
  },
  {
    "outputFileName": "wwwroot/production/js/admin-modules/tmc-access-management.min.js",
    "inputFiles": [
      "wwwroot/development/js/admin-modules/tmc-access-management.js"
    ],
    "minify": {
      "enabled": true,
      "renameLocals": false
    },
    "sourceMap": false
  },
  {
    "outputFileName": "wwwroot/production/js/generic/analytics.min.js",
    "inputFiles": [
      "wwwroot/development/js/generic/analytics.js"
    ],
    "minify": {
      "enabled": true,
      "renameLocals": false
    },
    "sourceMap": false
  }
]