{
  "JsonVersioningDetails": {
    "FileName": "SlotScheduler.json",
    "Location": "AdminModules",
    "Version": "4.1.12.30",
    "LastModifiedDateTime": "16-12-2022 08:30:00 AM",
    "LastModifiedBy": "Veeresh",
    "Description": "Added Timeinterval config"
  },
  "Name": "SlotScheduler",
  "DisplayName": "Slot Scheduler",
  "FormGroup": 2,
  "MakerChecker": false,
  "ConfigKey": "{'DisplayUploadButton':false,'Timeinterval': 15}", //Upload Calling List feature is required only to create contacts without TCamp(old dialer).
  "GridColumns": [
    {
      "Title": "Slot Group",
      "PropertyName": "SlotGroup",
      "Editable": true,
      "ColumnWidth": "col-lg-3",
      "ID": "",
      "FormGroup": 2,
      "Hidden": false,
      "Width": 200,
      "Encoded": false,
      "ClientTemplate": "",
      "DateFormat": "",
      "ConfigProperty": "",
      "Mandatory": true,
      "IncludeGrid": false,
      "FieldType": "DropDown",
      "Maxlength": "",
      "DropDownList": {
        "Action": "GetSlotGroup",
        "Controller": "SlotScheduler",
        "AutoBind": true,
        "Event": "empty",
        "DataParameter": "sendAntiForgeryToken",
        "ServerOperation": true,
        "Enable": true,
        "CascadeFrom": "",
        "OnKeyUpEvent": "",
        "OnMouseOutEvent": ""
      },
      "IsDuplicateAllowed": false,
      "IsSearchable": true,
      "SearchOperator": "contains"
    },
    {
      "Title": "Slot Type",
      "PropertyName": "SlotType",
      "Editable": true,
      "ColumnWidth": "col-lg-3",
      "ID": "",
      "FormGroup": 2,
      "Hidden": false,
      "Width": 200,
      "Encoded": false,
      "ClientTemplate": "",
      "DateFormat": "",
      "ConfigProperty": "",
      "Mandatory": true,
      "IncludeGrid": false,
      "FieldType": "DropDown",
      "Maxlength": "",
      "DropDownList": {
        "Action": "GetSlotType",
        "Controller": "SlotScheduler",
        "AutoBind": true,
        "Event": "onSlotTypeChange",
        "DataParameter": "sendAntiForgeryToken",
        "ServerOperation": true,
        "Enable": true,
        "CascadeFrom": "",
        "OnKeyUpEvent": "",
        "OnMouseOutEvent": ""
      },
      "IsDuplicateAllowed": false,
      "IsSearchable": true,
      "SearchOperator": "contains"
    },
    {
      "Title": "Start Of Week",
      "PropertyName": "StartOfWeek",
      "Editable": true,
      "ColumnWidth": "col-lg-3",
      "ID": "",
      "FormGroup": 2,
      "Hidden": false,
      "Width": 200,
      "Encoded": false,
      "ClientTemplate": "",
      "DateFormat": "",
      "ConfigProperty": "",
      "Mandatory": false,
      "IncludeGrid": false,
      "FieldType": "Date",
      "FieldRows": "",
      "Maxlength": "",
      "OnKeyUpEvent": "",
      "OnMouseOutEvent": "",
      "IsDuplicateAllowed": false
    },
    {
      "Title": "End Of Week",
      "PropertyName": "EndOfWeek",
      "Editable": true,
      "ColumnWidth": "col-lg-3",
      "ID": "",
      "FormGroup": 2,
      "Hidden": false,
      "Width": 200,
      "Encoded": false,
      "ClientTemplate": "",
      "DateFormat": "",
      "ConfigProperty": "",
      "Mandatory": false,
      "IncludeGrid": false,
      "FieldType": "Date",
      "FieldRows": "",
      "Maxlength": "",
      "OnKeyUpEvent": "",
      "OnMouseOutEvent": "",
      "IsDuplicateAllowed": false
    },
    {
      "Title": "From Time",
      "PropertyName": "FromTime",
      "Editable": true,
      "ColumnWidth": "col-lg-3",
      "ID": "",
      "FormGroup": 2,
      "Hidden": false,
      "Width": 200,
      "Encoded": false,
      "ClientTemplate": "",
      "DateFormat": "{0:HH:mm:ss}",
      "ConfigProperty": "",
      "Mandatory": true,
      "IncludeGrid": false,
      "FieldType": "Time",
      "Maxlength": "",
      "OnKeyUpEvent": "",
      "OnMouseOutEvent": "",
      "IsDuplicateAllowed": false
    },
    {
      "Title": "To Time",
      "PropertyName": "ToTime",
      "Editable": false,
      "ColumnWidth": "col-lg-3",
      "ID": "",
      "FormGroup": 2,
      "Hidden": false,
      "Width": 200,
      "Encoded": false,
      "ClientTemplate": "",
      "DateFormat": "{0:HH:mm:ss}",
      "ConfigProperty": "",
      "Mandatory": true,
      "IncludeGrid": false,
      "FieldType": "Time",
      "Maxlength": "",
      "OnKeyUpEvent": "",
      "OnMouseOutEvent": "",
      "IsDuplicateAllowed": false
    },
    {
      "Title": "Monday",
      "PropertyName": "Monday",
      "Editable": true,
      "ColumnWidth": "col-lg-3",
      "ID": "",
      "FormGroup": 2,
      "Hidden": false,
      "Width": 200,
      "Encoded": false,
      "ClientTemplate": "",
      "DateFormat": "",
      "ConfigProperty": "",
      "IncludeGrid": false,
      "Mandatory": false,
      "FieldType": "Numeric",
      "Maxlength": "10"
    },
    {
      "Title": "Tuesday",
      "PropertyName": "Tuesday",
      "Editable": true,
      "ColumnWidth": "col-lg-3",
      "ID": "",
      "FormGroup": 2,
      "Hidden": false,
      "Width": 200,
      "Encoded": false,
      "ClientTemplate": "",
      "DateFormat": "",
      "ConfigProperty": "",
      "IncludeGrid": false,
      "Mandatory": false,
      "FieldType": "Numeric",
      "Maxlength": "10"
    },
    {
      "Title": "Wednesday",
      "PropertyName": "Wednesday",
      "Editable": true,
      "ColumnWidth": "col-lg-3",
      "ID": "",
      "FormGroup": 2,
      "Hidden": false,
      "Width": 200,
      "Encoded": false,
      "ClientTemplate": "",
      "DateFormat": "",
      "ConfigProperty": "",
      "IncludeGrid": false,
      "Mandatory": false,
      "FieldType": "Numeric",
      "Maxlength": "10"
    },
    {
      "Title": "Thursday",
      "PropertyName": "Thursday",
      "Editable": true,
      "ColumnWidth": "col-lg-3",
      "ID": "",
      "FormGroup": 2,
      "Hidden": false,
      "Width": 200,
      "Encoded": false,
      "ClientTemplate": "",
      "DateFormat": "",
      "ConfigProperty": "",
      "IncludeGrid": false,
      "Mandatory": false,
      "FieldType": "Numeric",
      "Maxlength": "10"
    },
    {
      "Title": "Friday",
      "PropertyName": "Friday",
      "Editable": true,
      "ColumnWidth": "col-lg-3",
      "ID": "",
      "FormGroup": 2,
      "Hidden": false,
      "Width": 200,
      "Encoded": false,
      "ClientTemplate": "",
      "DateFormat": "",
      "ConfigProperty": "",
      "IncludeGrid": false,
      "Mandatory": false,
      "FieldType": "Numeric",
      "Maxlength": "10"
    },
    {
      "Title": "Saturday",
      "PropertyName": "Saturday",
      "Editable": true,
      "ColumnWidth": "col-lg-3",
      "ID": "",
      "FormGroup": 2,
      "Hidden": false,
      "Width": 200,
      "Encoded": false,
      "ClientTemplate": "",
      "DateFormat": "",
      "ConfigProperty": "",
      "IncludeGrid": false,
      "Mandatory": false,
      "FieldType": "Numeric",
      "Maxlength": "10"
    },
    {
      "Title": "Sunday",
      "PropertyName": "Sunday",
      "Editable": true,
      "ColumnWidth": "col-lg-3",
      "ID": "",
      "FormGroup": 2,
      "Hidden": false,
      "Width": 200,
      "Encoded": false,
      "ClientTemplate": "",
      "DateFormat": "",
      "ConfigProperty": "",
      "IncludeGrid": false,
      "Mandatory": false,
      "FieldType": "Numeric",
      "Maxlength": "10"
    },
    {
      "Title": "Slot Description",
      "PropertyName": "SlotDescription",
      "Editable": true,
      "ColumnWidth": "col-lg-8",
      "ID": "",
      "FormGroup": 2,
      "Hidden": false,
      "Width": 200,
      "Encoded": false,
      "ClientTemplate": "",
      "DateFormat": "",
      "ConfigProperty": "",
      "IncludeGrid": false,
      "Mandatory": true,
      "FieldType": "Text",
      "Maxlength": "300"
    },
    {
      "Title": "Last Changed By",
      "PropertyName": "LastChangedBy",
      "Editable": true,
      "ColumnWidth": "col-lg-3",
      "ID": "",
      "FormGroup": 2,
      "Hidden": false,
      "Width": 200,
      "Encoded": false,
      "ClientTemplate": "",
      "DateFormat": "",
      "ConfigProperty": "",
      "IncludeGrid": false,
      "Mandatory": false,
      "FieldType": "",
      "Maxlength": ""
    },
    {
      "Title": "Last Changed On",
      "PropertyName": "LastChangedOn",
      "Editable": true,
      "ColumnWidth": "col-lg-3",
      "ID": "",
      "FormGroup": 2,
      "Hidden": false,
      "Width": 200,
      "Encoded": false,
      "ClientTemplate": "#= checkGridDateTime(LastChangedOn)#",
      "DateFormat": "{0: dd/MM/yyyy HH:mm:ss}",
      "ConfigProperty": "",
      "IncludeGrid": false,
      "Mandatory": false,
      "FieldType": "",
      "Maxlength": ""
    }
  ]
}