﻿{
  "JsonVersioningDetails": {
    "FileName": "UserOnboarding.json",
    "Location": "AdminModules",
    "Version": "4.1.12.30",
    "LastModifiedDateTime": "11-01-2023 08:30:00 AM",
    "LastModifiedBy": "Shruthi",
    "Description": "Added Created Datetime"
  },
  "Name": "UserOnboarding",
  "DisplayName": "User Onboarding",
  "FormGroup": 2,
  "MakerChecker": false,
  "ConfigKey": "{'AgentProfilePictureEnabled':false,'IsChannelsEnabled':true,'IsFeaturesEnabled':true,'SelfEnrollmentInvite':false,'AgentProfileSecondaryLimit': 0,'IsAssignRole':false}", //to enable or disable steps while editing a record 
  "GridColumns": [
    {
      "Title": "Email Address",
      "PropertyName": "EmailID",
      "Editable": true,
      "ColumnWidth": "col-lg-3",
      "ID": "",
      "FormGroup": 2,
      "Hidden": true,
      "Width": 100,
      "Encoded": false,
      "ClientTemplate": "",
      "DateFormat": "",
      "ConfigProperty": "",
      "Mandatory": true,
      "IncludeGrid": false,
      "FieldType": "Email",
      "Maxlength": "50",
      "OnKeyUpEvent": "",
      "OnMouseOutEvent": "",
      "IsDuplicateAllowed": false,
      "IsSearchable": true,
      "SearchOperator": "contains"
    },
    {
      "Title": "Lan ID", //Land ID or 1Bank User Name
      "PropertyName": "UserName",
      "Editable": true,
      "ColumnWidth": "col-lg-3",
      "ID": "",
      "FormGroup": 2,
      "Hidden": false,
      "Width": 100,
      "Encoded": false,
      "ClientTemplate": "",
      "DateFormat": "",
      "ConfigProperty": "",
      "Mandatory": true,
      "IncludeGrid": false,
      "FieldType": "Text",
      "Maxlength": "50",
      "OnKeyUpEvent": "",
      "OnMouseOutEvent": "",
      "IsDuplicateAllowed": false,
      "IsSearchable": true,
      "SearchOperator": "contains"
    },
    {
      "Title": "First Name",
      "PropertyName": "FirstName",
      "Editable": true,
      "ColumnWidth": "col-lg-3",
      "ID": "",
      "FormGroup": 2,
      "Hidden": false,
      "Width": 100,
      "Encoded": false,
      "ClientTemplate": "",
      "DateFormat": "",
      "ConfigProperty": "",
      "Mandatory": true,
      "IncludeGrid": false,
      "FieldType": "Text",
      "Maxlength": "50",
      "OnKeyUpEvent": "",
      "OnMouseOutEvent": "",
      "IsDuplicateAllowed": true,
      "IsSearchable": true,
      "SearchOperator": "contains"
    },
    {
      "Title": "Last Name",
      "PropertyName": "LastName",
      "Editable": true,
      "ColumnWidth": "col-lg-3",
      "ID": "",
      "FormGroup": 2,
      "Hidden": false,
      "Width": 100,
      "Encoded": false,
      "ClientTemplate": "",
      "DateFormat": "",
      "ConfigProperty": "",
      "Mandatory": true,
      "IncludeGrid": false,
      "FieldType": "Text",
      "Maxlength": "50",
      "OnKeyUpEvent": "",
      "OnMouseOutEvent": "",
      "IsDuplicateAllowed": true,
      "IsSearchable": true,
      "SearchOperator": "contains"
    },

    {
      "Title": "Agent ID", // Avaya Login ID or Finesse Login ID
      "PropertyName": "AvayaLoginID",
      "Editable": true,
      "ColumnWidth": "col-lg-3",
      "ID": "",
      "FormGroup": 2,
      "Hidden": false,
      "Width": 100,
      "Encoded": false,
      "ClientTemplate": "",
      "DateFormat": "",
      "ConfigProperty": "",
      "Mandatory": true,
      "IncludeGrid": false,
      "FieldType": "Text", //Numeric or Text
      "Maxlength": "10",
      "OnKeyUpEvent": "",
      "OnMouseOutEvent": "",
      "IsDuplicateAllowed": false,
      "IsSearchable": true,
      "SearchOperator": "contains"
    },
    {
      "Title": "PBX ID", // PBXId ID
      "PropertyName": "PBXId",
      "Editable": true,
      "ColumnWidth": "col-lg-3",
      "ID": "",
      "FormGroup": 2,
      "Hidden": false,
      "Width": 100,
      "Encoded": false,
      "ClientTemplate": "",
      "DateFormat": "",
      "ConfigProperty": "",
      "Mandatory": true,
      "IncludeGrid": false,
      "FieldType": "Numeric", //Numeric or Text
      "Maxlength": "10",
      "OnKeyUpEvent": "",
      "OnMouseOutEvent": "",
      "IsDuplicateAllowed": false,
      "IsSearchable": false,
      "SearchOperator": "contains"
    },
    {
      "Title": "Org. Unit",
      "PropertyName": "TeamID",
      "Editable": true,
      "ColumnWidth": "col-lg-3",
      "ID": "",
      "FormGroup": 2,
      "Hidden": false,
      "Width": 100,
      "Encoded": false,
      "ClientTemplate": "",
      "DateFormat": "",
      "ConfigProperty": "",
      "Mandatory": true,
      "IncludeGrid": true,
      "FieldType": "DropDownTree",
      "Maxlength": "",
      "DropDownList": {
        "Action": "GetTeamTreeWithOrgUnit",
        "Controller": "Generic",
        "AutoBind": false,
        "Event": "empty",
        "DataParameter": "sendAntiForgeryToken",
        "ServerOperation": false,
        "Enable": true,
        "CascadeFrom": "",
        "OnKeyUpEvent": "",
        "OnMouseOutEvent": ""
      },
      "IsDuplicateAllowed": true,
      "IsSearchable": true,
      "SearchOperator": "contains"
    },
    {
      "Title": "Profile",
      "PropertyName": "Profile",
      "Editable": true,
      "ColumnWidth": "col-lg-3",
      "ID": "",
      "FormGroup": 2,
      "Hidden": false,
      "Width": 100,
      "Encoded": false,
      "ClientTemplate": "",
      "DateFormat": "",
      "ConfigProperty": "",
      "Mandatory": true,
      "IncludeGrid": false,
      "FieldType": "DropDown",
      "Maxlength": "",
      "DropDownList": {
        "Action": "GetProfile",
        "Controller": "Generic",
        "AutoBind": true,
        "Event": "empty",
        "DataParameter": "sendAntiForgeryToken",
        "ServerOperation": true,
        "Enable": true,
        "CascadeFrom": "",
        "OnKeyUpEvent": "",
        "OnMouseOutEvent": ""
      },
      "IsDuplicateAllowed": true,
      "IsSearchable": true,
      "SearchOperator": "contains"
    },
    {
      "Title": "Supervisor",
      "PropertyName": "SupervisorID",
      "Editable": true,
      "ColumnWidth": "col-lg-3",
      "ID": "",
      "FormGroup": 2,
      "Hidden": false,
      "Width": 100,
      "Encoded": false,
      "ClientTemplate": "",
      "DateFormat": "",
      "ConfigProperty": "",
      "Mandatory": true,
      "IncludeGrid": true,
      "FieldType": "DropDown",
      "Maxlength": "",
      "DropDownList": {
        "Action": "GetSupervisors",
        "Controller": "UserRoleMapping",
        "AutoBind": false,
        "Event": "empty",
        "DataParameter": "filterSupervisor",
        "ServerOperation": true,
        "Enable": true,
        "CascadeFrom": "Profile",
        "OnKeyUpEvent": "",
        "OnMouseOutEvent": ""
      },
      "IsDuplicateAllowed": true,
      "IsSearchable": true,
      "SearchOperator": "contains"
    },
    {
      "Title": "Supervisor Name",
      "PropertyName": "SupervisorName",
      "Editable": true,
      "ColumnWidth": "col-lg-9",
      "ID": "",
      "FormGroup": 2,
      "Hidden": false,
      "Width": 200,
      "Encoded": false,
      "ClientTemplate": "",
      "DateFormat": "",
      "ConfigProperty": "",
      "IncludeGrid": false,
      "Mandatory": false,
      "FieldType": "",
      "Maxlength": "",
      "OnKeyUpEvent": "",
      "OnMouseOutEvent": "",
      "IsDuplicateAllowed": true,
      "IsSearchable": true,
      "SearchOperator": "contains"
    },
    {
      "Title": "Org. Unit",
      "PropertyName": "TeamName",
      "Editable": true,
      "ColumnWidth": "col-lg-9",
      "ID": "",
      "FormGroup": 2,
      "Hidden": false,
      "Width": 200,
      "Encoded": false,
      "ClientTemplate": "",
      "DateFormat": "",
      "ConfigProperty": "",
      "IncludeGrid": false,
      "Mandatory": false,
      "FieldType": "",
      "Maxlength": "",
      "OnKeyUpEvent": "",
      "OnMouseOutEvent": "",
      "IsDuplicateAllowed": true,
      "IsSearchable": true,
      "SearchOperator": "contains"
    },
    {
      "Title": "Role",
      "PropertyName": "Role",
      "Editable": true,
      "ColumnWidth": "col-lg-3",
      "ID": "",
      "FormGroup": 2,
      "Hidden": false,
      "Width": 200,
      "Encoded": false,
      "ClientTemplate": "",
      "DateFormat": "",
      "ConfigProperty": "",
      "Mandatory": false,
      "IncludeGrid": false,
      "FieldType": "MultiSelect",
      "Maxlength": "",
      "DropDownList": {
        "Action": "GetRole",
        "Controller": "UserRoleMapping",
        "Event": "empty",
        "DataParameter": "sendAntiForgeryToken",
        "ServerOperation": true,
        "Enable": true,
        "CascadeFrom": ""
      },
      "IsDuplicateAllowed": true
    },
    {
      "Title": "Access Role",
      "PropertyName": "AccessRole",
      "Editable": true,
      "ColumnWidth": "col-lg-3",
      "ID": "",
      "FormGroup": 2,
      "Hidden": false,
      "Width": 200,
      "Encoded": false,
      "ClientTemplate": "",
      "DateFormat": "",
      "ConfigProperty": "",
      "Mandatory": false,
      "IncludeGrid": false,
      "FieldType": "DropDown",
      "Maxlength": "",
      "DropDownList": {
        "Action": "GetAccessRole",
        "Controller": "AgentSetting",
        "AutoBind": true,
        "Event": "empty",
        "DataParameter": "sendAntiForgeryToken",
        "ServerOperation": true,
        "Enable": true,
        "CascadeFrom": "",
        "OnKeyUpEvent": "",
        "OnMouseOutEvent": ""
      },
      "IsDuplicateAllowed": true,
      "IsSearchable": true,
      "SearchOperator": "contains"
    },
    {
      "Title": "CRM Name",
      "PropertyName": "CrmName",
      "Editable": true,
      "ColumnWidth": "col-lg-3",
      "ID": "",
      "FormGroup": 2,
      "Hidden": false,
      "Width": 100,
      "Encoded": false,
      "ClientTemplate": "",
      "DateFormat": "",
      "ConfigProperty": "",
      "Mandatory": false,
      "IncludeGrid": false,
      "FieldType": "DropDown",
      "Maxlength": "",
      "DropDownList": {
        "Action": "GetCrmName",
        "Controller": "AgentSetting",
        "AutoBind": true,
        "Event": "empty",
        "DataParameter": "sendAntiForgeryToken",
        "ServerOperation": true,
        "Enable": true,
        "CascadeFrom": "",
        "OnKeyUpEvent": "",
        "OnMouseOutEvent": ""
      },
      "IsDuplicateAllowed": true
    },
    {
      "Title": "Text Template",
      "PropertyName": "TextChatGreetingTemplateID",
      "Editable": true,
      "ColumnWidth": "col-lg-3",
      "ID": "",
      "FormGroup": 2,
      "Hidden": false,
      "Width": 100,
      "Encoded": false,
      "ClientTemplate": "",
      "DateFormat": "",
      "ConfigProperty": "",
      "Mandatory": false,
      "IncludeGrid": true,
      "FieldType": "DropDown",
      "Maxlength": "",
      "DropDownList": {
        "Action": "GetGreetingTemplateName",
        "Controller": "AgentSetting",
        "AutoBind": true,
        "Event": "empty",
        "DataParameter": "sendAntiForgeryToken",
        "ServerOperation": true,
        "Enable": true,
        "CascadeFrom": "",
        "OnKeyUpEvent": "",
        "OnMouseOutEvent": ""
      },
      "IsDuplicateAllowed": true
    },
    {
      "Title": "Text Chat Greeting Template Name",
      "PropertyName": "TextChatGreetingTemplateName",
      "Editable": true,
      "ColumnWidth": "col-lg-3",
      "ID": "",
      "FormGroup": 2,
      "Hidden": false,
      "Width": 200,
      "Encoded": false,
      "ClientTemplate": "",
      "DateFormat": "",
      "ConfigProperty": "",
      "IncludeGrid": false,
      "Mandatory": false,
      "FieldType": "",
      "Maxlength": "",
      "OnKeyUpEvent": "",
      "OnMouseOutEvent": "",
      "IsDuplicateAllowed": true
    },
    {
      "Title": "Last Changed By",
      "PropertyName": "LastChangedBy",
      "Editable": true,
      "ColumnWidth": "col-lg-6",
      "ID": "",
      "FormGroup": 2,
      "Hidden": false,
      "Width": 200,
      "Encoded": false,
      "ClientTemplate": "",
      "DateFormat": "",
      "ConfigProperty": "",
      "IncludeGrid": false,
      "Mandatory": false,
      "FieldType": "",
      "Maxlength": "",
      "OnKeyUpEvent": "",
      "OnMouseOutEvent": "",
      "IsDuplicateAllowed": true
    },
    {
      "Title": "Last Changed On",
      "PropertyName": "LastChangedOn",
      "Editable": true,
      "ColumnWidth": "col-lg-6",
      "ID": "",
      "FormGroup": 2,
      "Hidden": false,
      "Width": 200,
      "Encoded": false,
      "ClientTemplate": "#= checkGridDateTime(LastChangedOn)#",
      "DateFormat": "{0: dd/MM/yyyy HH:mm:ss}",
      "ConfigProperty": "",
      "IncludeGrid": false,
      "Mandatory": false,
      "FieldType": "",
      "Maxlength": "",
      "OnKeyUpEvent": "",
      "OnMouseOutEvent": "",
      "IsDuplicateAllowed": true
    },
    {
      "Title": "Created DateTime",
      "PropertyName": "CreatedDateTime",
      "Editable": true,
      "ColumnWidth": "col-lg-6",
      "ID": "",
      "FormGroup": 2,
      "Hidden": false,
      "Width": 200,
      "Encoded": false,
      "ClientTemplate": "#= checkGridDateTime(CreatedDateTime)#",
      "DateFormat": "{0: dd/MM/yyyy HH:mm:ss}",
      "ConfigProperty": "",
      "IncludeGrid": false,
      "Mandatory": false,
      "FieldType": "",
      "Maxlength": "",
      "OnKeyUpEvent": "",
      "OnMouseOutEvent": "",
      "IsDuplicateAllowed": true
    }
  ],
  "BulkInsert": {
    "Enabled": true,
    "BatchSize": 200
  }
}